source_path,source_file,row_index,row_kind,cluster_term_hits,matched_fields,source_field_term_count,source_field_terms,sample_context,promoted_to_source_law,promoted_to_admission
labs/g900_observatory/artifacts/csv/g900_root_smoke_signature_census_001_rows.v1.csv,g900_root_smoke_signature_census_001_rows.v1.csv,841,csv_row,rail_internal_slot:05 rail_internal_slot:08 rail_internal_slot:10 rail_internal_slot:14 rail_slot_pair:04_05 rail_slot_pair:05_10 rail_slot_pair:05_14,hit_signature,12,handle:slot_internal_carriers handle:slot_pair_boundary_carriers matched_field:hit_signature row_kind:csv_row source_field_name:hit_signature source_field_name:max_edge_overlap source_field_name:max_vertex_overlap source_field_value:family_signature=slot_internal_carriers:5:4;slot_internal_carriers:5:4;slot_internal_carriers:5:4 source_field_value:hit_signature=slot_05_internal_carrier:5:4;slot_08_internal_carrier:5:4;slot_10_internal_carri source_field_value:max_edge_overlap=4 source_field_value:max_vertex_overlap=10 source_file:g900_root_smoke_signature_census_001_rows.v1.csv,"14:0 14 0 29 30 18 4 10 29,30,18,4 slot_05_internal_carrier:5:4;slot_08_internal_carrier:5:4;slot_10_internal_carrier:5:4;slot_14_internal_carrier:5:4;slot_pair_05_10_boundary_carrier:10:1;slot_pair_05_14_boundary_carrier:10:1;slot_pair_08_14_boundary_carrier:",false,false
labs/g900_observatory/artifacts/csv/g900_root_smoke_signature_census_001_rows.v1.csv,g900_root_smoke_signature_census_001_rows.v1.csv,842,csv_row,rail_internal_slot:05 rail_internal_slot:08 rail_internal_slot:10 rail_internal_slot:14 rail_slot_pair:04_05 rail_slot_pair:05_10 rail_slot_pair:05_14,hit_signature,12,handle:slot_internal_carriers handle:slot_pair_boundary_carriers matched_field:hit_signature row_kind:csv_row source_field_name:hit_signature source_field_name:max_edge_overlap source_field_name:max_vertex_overlap source_field_value:family_signature=slot_internal_carriers:5:4;slot_internal_carriers:5:4;slot_internal_carriers:5:4 source_field_value:hit_signature=slot_05_internal_carrier:5:4;slot_08_internal_carrier:5:4;slot_10_internal_carri source_field_value:max_edge_overlap=4 source_field_value:max_vertex_overlap=10 source_file:g900_root_smoke_signature_census_001_rows.v1.csv,"14:1 14 1 29 30 18 4 10 29,30,18,4 slot_05_internal_carrier:5:4;slot_08_internal_carrier:5:4;slot_10_internal_carrier:5:4;slot_14_internal_carrier:5:4;slot_pair_05_10_boundary_carrier:10:1;slot_pair_05_14_boundary_carrier:10:1;slot_pair_08_14_boundary_carrier:",false,false
labs/g900_observatory/artifacts/csv/g900_root_smoke_signature_census_001_rows.v1.csv,g900_root_smoke_signature_census_001_rows.v1.csv,843,csv_row,rail_internal_slot:05 rail_internal_slot:08 rail_internal_slot:10 rail_internal_slot:14 rail_slot_pair:04_05 rail_slot_pair:05_10 rail_slot_pair:05_14,hit_signature,12,handle:slot_internal_carriers handle:slot_pair_boundary_carriers matched_field:hit_signature row_kind:csv_row source_field_name:hit_signature source_field_name:max_edge_overlap source_field_name:max_vertex_overlap source_field_value:family_signature=slot_internal_carriers:5:4;slot_internal_carriers:5:4;slot_internal_carriers:5:4 source_field_value:hit_signature=slot_05_internal_carrier:5:4;slot_08_internal_carrier:5:4;slot_10_internal_carri source_field_value:max_edge_overlap=4 source_field_value:max_vertex_overlap=10 source_file:g900_root_smoke_signature_census_001_rows.v1.csv,"14:2 14 2 29 30 18 4 10 29,30,18,4 slot_05_internal_carrier:5:4;slot_08_internal_carrier:5:4;slot_10_internal_carrier:5:4;slot_14_internal_carrier:5:4;slot_pair_05_10_boundary_carrier:10:1;slot_pair_05_14_boundary_carrier:10:1;slot_pair_08_14_boundary_carrier:",false,false
labs/g900_observatory/artifacts/csv/g900_root_smoke_signature_census_001_rows.v1.csv,g900_root_smoke_signature_census_001_rows.v1.csv,844,csv_row,rail_internal_slot:05 rail_internal_slot:08 rail_internal_slot:10 rail_internal_slot:14 rail_slot_pair:04_05 rail_slot_pair:05_10 rail_slot_pair:05_14,hit_signature,12,handle:slot_internal_carriers handle:slot_pair_boundary_carriers matched_field:hit_signature row_kind:csv_row source_field_name:hit_signature source_field_name:max_edge_overlap source_field_name:max_vertex_overlap source_field_value:family_signature=slot_internal_carriers:5:4;slot_internal_carriers:5:4;slot_internal_carriers:5:4 source_field_value:hit_signature=slot_05_internal_carrier:5:4;slot_08_internal_carrier:5:4;slot_10_internal_carri source_field_value:max_edge_overlap=4 source_field_value:max_vertex_overlap=10 source_file:g900_root_smoke_signature_census_001_rows.v1.csv,"14:3 14 3 29 30 18 4 10 29,30,18,4 slot_05_internal_carrier:5:4;slot_08_internal_carrier:5:4;slot_10_internal_carrier:5:4;slot_14_internal_carrier:5:4;slot_pair_05_10_boundary_carrier:10:1;slot_pair_05_14_boundary_carrier:10:1;slot_pair_08_14_boundary_carrier:",false,false
labs/g900_observatory/artifacts/csv/g900_root_smoke_signature_census_001_rows.v1.csv,g900_root_smoke_signature_census_001_rows.v1.csv,845,csv_row,rail_internal_slot:05 rail_internal_slot:08 rail_internal_slot:10 rail_internal_slot:14 rail_slot_pair:04_05 rail_slot_pair:05_10 rail_slot_pair:05_14,hit_signature,12,handle:slot_internal_carriers handle:slot_pair_boundary_carriers matched_field:hit_signature row_kind:csv_row source_field_name:hit_signature source_field_name:max_edge_overlap source_field_name:max_vertex_overlap source_field_value:family_signature=slot_internal_carriers:5:4;slot_internal_carriers:5:4;slot_internal_carriers:5:4 source_field_value:hit_signature=slot_05_internal_carrier:5:4;slot_08_internal_carrier:5:4;slot_10_internal_carri source_field_value:max_edge_overlap=4 source_field_value:max_vertex_overlap=10 source_file:g900_root_smoke_signature_census_001_rows.v1.csv,"14:4 14 4 29 30 18 4 10 29,30,18,4 slot_05_internal_carrier:5:4;slot_08_internal_carrier:5:4;slot_10_internal_carrier:5:4;slot_14_internal_carrier:5:4;slot_pair_05_10_boundary_carrier:10:1;slot_pair_05_14_boundary_carrier:10:1;slot_pair_08_14_boundary_carrier:",false,false
labs/g900_observatory/artifacts/csv/g900_root_smoke_signature_census_001_rows.v1.csv,g900_root_smoke_signature_census_001_rows.v1.csv,846,csv_row,rail_internal_slot:05 rail_internal_slot:08 rail_internal_slot:10 rail_internal_slot:14 rail_slot_pair:04_05 rail_slot_pair:05_10 rail_slot_pair:05_14,hit_signature,12,handle:slot_internal_carriers handle:slot_pair_boundary_carriers matched_field:hit_signature row_kind:csv_row source_field_name:hit_signature source_field_name:max_edge_overlap source_field_name:max_vertex_overlap source_field_value:family_signature=slot_internal_carriers:5:4;slot_internal_carriers:5:4;slot_internal_carriers:5:4 source_field_value:hit_signature=slot_05_internal_carrier:5:4;slot_08_internal_carrier:5:4;slot_10_internal_carri source_field_value:max_edge_overlap=4 source_field_value:max_vertex_overlap=10 source_file:g900_root_smoke_signature_census_001_rows.v1.csv,"14:5 14 5 29 30 18 4 10 29,30,18,4 slot_05_internal_carrier:5:4;slot_08_internal_carrier:5:4;slot_10_internal_carrier:5:4;slot_14_internal_carrier:5:4;slot_pair_05_10_boundary_carrier:10:1;slot_pair_05_14_boundary_carrier:10:1;slot_pair_08_14_boundary_carrier:",false,false
labs/g900_observatory/artifacts/csv/g900_root_smoke_signature_census_001_rows.v1.csv,g900_root_smoke_signature_census_001_rows.v1.csv,847,csv_row,rail_internal_slot:05 rail_internal_slot:08 rail_internal_slot:10 rail_internal_slot:14 rail_slot_pair:04_05 rail_slot_pair:05_10 rail_slot_pair:05_14,hit_signature,12,handle:slot_internal_carriers handle:slot_pair_boundary_carriers matched_field:hit_signature row_kind:csv_row source_field_name:hit_signature source_field_name:max_edge_overlap source_field_name:max_vertex_overlap source_field_value:family_signature=slot_internal_carriers:5:4;slot_internal_carriers:5:4;slot_internal_carriers:5:4 source_field_value:hit_signature=slot_05_internal_carrier:5:4;slot_08_internal_carrier:5:4;slot_10_internal_carri source_field_value:max_edge_overlap=4 source_field_value:max_vertex_overlap=10 source_file:g900_root_smoke_signature_census_001_rows.v1.csv,"14:6 14 6 29 30 18 4 10 29,30,18,4 slot_05_internal_carrier:5:4;slot_08_internal_carrier:5:4;slot_10_internal_carrier:5:4;slot_14_internal_carrier:5:4;slot_pair_05_10_boundary_carrier:10:1;slot_pair_05_14_boundary_carrier:10:1;slot_pair_08_14_boundary_carrier:",false,false
labs/g900_observatory/artifacts/csv/g900_root_smoke_signature_census_001_rows.v1.csv,g900_root_smoke_signature_census_001_rows.v1.csv,848,csv_row,rail_internal_slot:05 rail_internal_slot:08 rail_internal_slot:10 rail_internal_slot:14 rail_slot_pair:04_05 rail_slot_pair:05_10 rail_slot_pair:05_14,hit_signature,12,handle:slot_internal_carriers handle:slot_pair_boundary_carriers matched_field:hit_signature row_kind:csv_row source_field_name:hit_signature source_field_name:max_edge_overlap source_field_name:max_vertex_overlap source_field_value:family_signature=slot_internal_carriers:5:4;slot_internal_carriers:5:4;slot_internal_carriers:5:4 source_field_value:hit_signature=slot_05_internal_carrier:5:4;slot_08_internal_carrier:5:4;slot_10_internal_carri source_field_value:max_edge_overlap=4 source_field_value:max_vertex_overlap=10 source_file:g900_root_smoke_signature_census_001_rows.v1.csv,"14:7 14 7 29 30 18 4 10 29,30,18,4 slot_05_internal_carrier:5:4;slot_08_internal_carrier:5:4;slot_10_internal_carrier:5:4;slot_14_internal_carrier:5:4;slot_pair_05_10_boundary_carrier:10:1;slot_pair_05_14_boundary_carrier:10:1;slot_pair_08_14_boundary_carrier:",false,false
labs/g900_observatory/artifacts/csv/g900_root_smoke_signature_census_001_rows.v1.csv,g900_root_smoke_signature_census_001_rows.v1.csv,849,csv_row,rail_internal_slot:05 rail_internal_slot:08 rail_internal_slot:10 rail_internal_slot:14 rail_slot_pair:04_05 rail_slot_pair:05_10 rail_slot_pair:05_14,hit_signature,12,handle:slot_internal_carriers handle:slot_pair_boundary_carriers matched_field:hit_signature row_kind:csv_row source_field_name:hit_signature source_field_name:max_edge_overlap source_field_name:max_vertex_overlap source_field_value:family_signature=slot_internal_carriers:5:4;slot_internal_carriers:5:4;slot_internal_carriers:5:4 source_field_value:hit_signature=slot_05_internal_carrier:5:4;slot_08_internal_carrier:5:4;slot_10_internal_carri source_field_value:max_edge_overlap=4 source_field_value:max_vertex_overlap=10 source_file:g900_root_smoke_signature_census_001_rows.v1.csv,"14:8 14 8 29 30 18 4 10 29,30,18,4 slot_05_internal_carrier:5:4;slot_08_internal_carrier:5:4;slot_10_internal_carrier:5:4;slot_14_internal_carrier:5:4;slot_pair_05_10_boundary_carrier:10:1;slot_pair_05_14_boundary_carrier:10:1;slot_pair_08_14_boundary_carrier:",false,false
labs/g900_observatory/artifacts/csv/g900_root_smoke_signature_census_001_rows.v1.csv,g900_root_smoke_signature_census_001_rows.v1.csv,850,csv_row,rail_internal_slot:05 rail_internal_slot:08 rail_internal_slot:10 rail_internal_slot:14 rail_slot_pair:04_05 rail_slot_pair:05_10 rail_slot_pair:05_14,hit_signature,12,handle:slot_internal_carriers handle:slot_pair_boundary_carriers matched_field:hit_signature row_kind:csv_row source_field_name:hit_signature source_field_name:max_edge_overlap source_field_name:max_vertex_overlap source_field_value:family_signature=slot_internal_carriers:5:4;slot_internal_carriers:5:4;slot_internal_carriers:5:4 source_field_value:hit_signature=slot_05_internal_carrier:5:4;slot_08_internal_carrier:5:4;slot_10_internal_carri source_field_value:max_edge_overlap=4 source_field_value:max_vertex_overlap=10 source_file:g900_root_smoke_signature_census_001_rows.v1.csv,"14:9 14 9 29 30 18 4 10 29,30,18,4 slot_05_internal_carrier:5:4;slot_08_internal_carrier:5:4;slot_10_internal_carrier:5:4;slot_14_internal_carrier:5:4;slot_pair_05_10_boundary_carrier:10:1;slot_pair_05_14_boundary_carrier:10:1;slot_pair_08_14_boundary_carrier:",false,false
labs/g900_observatory/artifacts/csv/g900_root_smoke_signature_census_001_rows.v1.csv,g900_root_smoke_signature_census_001_rows.v1.csv,851,csv_row,rail_internal_slot:05 rail_internal_slot:08 rail_internal_slot:10 rail_internal_slot:14 rail_slot_pair:04_05 rail_slot_pair:05_10 rail_slot_pair:05_14,hit_signature,12,handle:slot_internal_carriers handle:slot_pair_boundary_carriers matched_field:hit_signature row_kind:csv_row source_field_name:hit_signature source_field_name:max_edge_overlap source_field_name:max_vertex_overlap source_field_value:family_signature=slot_internal_carriers:5:4;slot_internal_carriers:5:4;slot_internal_carriers:5:4 source_field_value:hit_signature=slot_05_internal_carrier:5:4;slot_08_internal_carrier:5:4;slot_10_internal_carri source_field_value:max_edge_overlap=4 source_field_value:max_vertex_overlap=10 source_file:g900_root_smoke_signature_census_001_rows.v1.csv,"14:10 14 10 29 30 18 4 10 29,30,18,4 slot_05_internal_carrier:5:4;slot_08_internal_carrier:5:4;slot_10_internal_carrier:5:4;slot_14_internal_carrier:5:4;slot_pair_05_10_boundary_carrier:10:1;slot_pair_05_14_boundary_carrier:10:1;slot_pair_08_14_boundary_carrie",false,false
labs/g900_observatory/artifacts/csv/g900_root_smoke_signature_census_001_rows.v1.csv,g900_root_smoke_signature_census_001_rows.v1.csv,852,csv_row,rail_internal_slot:05 rail_internal_slot:08 rail_internal_slot:10 rail_internal_slot:14 rail_slot_pair:04_05 rail_slot_pair:05_10 rail_slot_pair:05_14,hit_signature,12,handle:slot_internal_carriers handle:slot_pair_boundary_carriers matched_field:hit_signature row_kind:csv_row source_field_name:hit_signature source_field_name:max_edge_overlap source_field_name:max_vertex_overlap source_field_value:family_signature=slot_internal_carriers:5:4;slot_internal_carriers:5:4;slot_internal_carriers:5:4 source_field_value:hit_signature=slot_05_internal_carrier:5:4;slot_08_internal_carrier:5:4;slot_10_internal_carri source_field_value:max_edge_overlap=4 source_field_value:max_vertex_overlap=10 source_file:g900_root_smoke_signature_census_001_rows.v1.csv,"14:11 14 11 29 30 18 4 10 29,30,18,4 slot_05_internal_carrier:5:4;slot_08_internal_carrier:5:4;slot_10_internal_carrier:5:4;slot_14_internal_carrier:5:4;slot_pair_05_10_boundary_carrier:10:1;slot_pair_05_14_boundary_carrier:10:1;slot_pair_08_14_boundary_carrie",false,false
labs/g900_observatory/artifacts/csv/g900_root_smoke_signature_census_001_rows.v1.csv,g900_root_smoke_signature_census_001_rows.v1.csv,853,csv_row,rail_internal_slot:05 rail_internal_slot:08 rail_internal_slot:10 rail_internal_slot:14 rail_slot_pair:04_05 rail_slot_pair:05_10 rail_slot_pair:05_14,hit_signature,12,handle:slot_internal_carriers handle:slot_pair_boundary_carriers matched_field:hit_signature row_kind:csv_row source_field_name:hit_signature source_field_name:max_edge_overlap source_field_name:max_vertex_overlap source_field_value:family_signature=slot_internal_carriers:5:4;slot_internal_carriers:5:4;slot_internal_carriers:5:4 source_field_value:hit_signature=slot_05_internal_carrier:5:4;slot_08_internal_carrier:5:4;slot_10_internal_carri source_field_value:max_edge_overlap=4 source_field_value:max_vertex_overlap=10 source_file:g900_root_smoke_signature_census_001_rows.v1.csv,"14:12 14 12 29 30 18 4 10 29,30,18,4 slot_05_internal_carrier:5:4;slot_08_internal_carrier:5:4;slot_10_internal_carrier:5:4;slot_14_internal_carrier:5:4;slot_pair_05_10_boundary_carrier:10:1;slot_pair_05_14_boundary_carrier:10:1;slot_pair_08_14_boundary_carrie",false,false
labs/g900_observatory/artifacts/csv/g900_root_smoke_signature_census_001_rows.v1.csv,g900_root_smoke_signature_census_001_rows.v1.csv,854,csv_row,rail_internal_slot:05 rail_internal_slot:08 rail_internal_slot:10 rail_internal_slot:14 rail_slot_pair:04_05 rail_slot_pair:05_10 rail_slot_pair:05_14,hit_signature,12,handle:slot_internal_carriers handle:slot_pair_boundary_carriers matched_field:hit_signature row_kind:csv_row source_field_name:hit_signature source_field_name:max_edge_overlap source_field_name:max_vertex_overlap source_field_value:family_signature=slot_internal_carriers:5:4;slot_internal_carriers:5:4;slot_internal_carriers:5:4 source_field_value:hit_signature=slot_05_internal_carrier:5:4;slot_08_internal_carrier:5:4;slot_10_internal_carri source_field_value:max_edge_overlap=4 source_field_value:max_vertex_overlap=10 source_file:g900_root_smoke_signature_census_001_rows.v1.csv,"14:13 14 13 29 30 18 4 10 29,30,18,4 slot_05_internal_carrier:5:4;slot_08_internal_carrier:5:4;slot_10_internal_carrier:5:4;slot_14_internal_carrier:5:4;slot_pair_05_10_boundary_carrier:10:1;slot_pair_05_14_boundary_carrier:10:1;slot_pair_08_14_boundary_carrie",false,false
labs/g900_observatory/artifacts/csv/g900_root_smoke_signature_census_001_rows.v1.csv,g900_root_smoke_signature_census_001_rows.v1.csv,855,csv_row,rail_internal_slot:05 rail_internal_slot:08 rail_internal_slot:10 rail_internal_slot:14 rail_slot_pair:04_05 rail_slot_pair:05_10 rail_slot_pair:05_14,hit_signature,12,handle:slot_internal_carriers handle:slot_pair_boundary_carriers matched_field:hit_signature row_kind:csv_row source_field_name:hit_signature source_field_name:max_edge_overlap source_field_name:max_vertex_overlap source_field_value:family_signature=slot_internal_carriers:5:4;slot_internal_carriers:5:4;slot_internal_carriers:5:4 source_field_value:hit_signature=slot_05_internal_carrier:5:4;slot_08_internal_carrier:5:4;slot_10_internal_carri source_field_value:max_edge_overlap=4 source_field_value:max_vertex_overlap=10 source_file:g900_root_smoke_signature_census_001_rows.v1.csv,"14:14 14 14 29 30 18 4 10 29,30,18,4 slot_05_internal_carrier:5:4;slot_08_internal_carrier:5:4;slot_10_internal_carrier:5:4;slot_14_internal_carrier:5:4;slot_pair_05_10_boundary_carrier:10:1;slot_pair_05_14_boundary_carrier:10:1;slot_pair_08_14_boundary_carrie",false,false
labs/g900_observatory/artifacts/csv/g900_root_smoke_signature_census_001_rows.v1.csv,g900_root_smoke_signature_census_001_rows.v1.csv,856,csv_row,rail_internal_slot:05 rail_internal_slot:08 rail_internal_slot:10 rail_internal_slot:14 rail_slot_pair:04_05 rail_slot_pair:05_10 rail_slot_pair:05_14,hit_signature,12,handle:slot_internal_carriers handle:slot_pair_boundary_carriers matched_field:hit_signature row_kind:csv_row source_field_name:hit_signature source_field_name:max_edge_overlap source_field_name:max_vertex_overlap source_field_value:family_signature=slot_internal_carriers:5:4;slot_internal_carriers:5:4;slot_internal_carriers:5:4 source_field_value:hit_signature=slot_05_internal_carrier:5:4;slot_08_internal_carrier:5:4;slot_10_internal_carri source_field_value:max_edge_overlap=4 source_field_value:max_vertex_overlap=10 source_file:g900_root_smoke_signature_census_001_rows.v1.csv,"14:15 14 15 29 30 18 4 10 29,30,18,4 slot_05_internal_carrier:5:4;slot_08_internal_carrier:5:4;slot_10_internal_carrier:5:4;slot_14_internal_carrier:5:4;slot_pair_05_10_boundary_carrier:10:1;slot_pair_05_14_boundary_carrier:10:1;slot_pair_08_14_boundary_carrie",false,false
labs/g900_observatory/artifacts/csv/g900_root_smoke_signature_census_001_rows.v1.csv,g900_root_smoke_signature_census_001_rows.v1.csv,857,csv_row,rail_internal_slot:05 rail_internal_slot:08 rail_internal_slot:10 rail_internal_slot:14 rail_slot_pair:04_05 rail_slot_pair:05_10 rail_slot_pair:05_14,hit_signature,12,handle:slot_internal_carriers handle:slot_pair_boundary_carriers matched_field:hit_signature row_kind:csv_row source_field_name:hit_signature source_field_name:max_edge_overlap source_field_name:max_vertex_overlap source_field_value:family_signature=slot_internal_carriers:5:4;slot_internal_carriers:5:4;slot_internal_carriers:5:4 source_field_value:hit_signature=slot_05_internal_carrier:5:4;slot_08_internal_carrier:5:4;slot_10_internal_carri source_field_value:max_edge_overlap=4 source_field_value:max_vertex_overlap=10 source_file:g900_root_smoke_signature_census_001_rows.v1.csv,"14:16 14 16 29 30 18 4 10 29,30,18,4 slot_05_internal_carrier:5:4;slot_08_internal_carrier:5:4;slot_10_internal_carrier:5:4;slot_14_internal_carrier:5:4;slot_pair_05_10_boundary_carrier:10:1;slot_pair_05_14_boundary_carrier:10:1;slot_pair_08_14_boundary_carrie",false,false
labs/g900_observatory/artifacts/csv/g900_root_smoke_signature_census_001_rows.v1.csv,g900_root_smoke_signature_census_001_rows.v1.csv,858,csv_row,rail_internal_slot:05 rail_internal_slot:08 rail_internal_slot:10 rail_internal_slot:14 rail_slot_pair:04_05 rail_slot_pair:05_10 rail_slot_pair:05_14,hit_signature,12,handle:slot_internal_carriers handle:slot_pair_boundary_carriers matched_field:hit_signature row_kind:csv_row source_field_name:hit_signature source_field_name:max_edge_overlap source_field_name:max_vertex_overlap source_field_value:family_signature=slot_internal_carriers:5:4;slot_internal_carriers:5:4;slot_internal_carriers:5:4 source_field_value:hit_signature=slot_05_internal_carrier:5:4;slot_08_internal_carrier:5:4;slot_10_internal_carri source_field_value:max_edge_overlap=4 source_field_value:max_vertex_overlap=10 source_file:g900_root_smoke_signature_census_001_rows.v1.csv,"14:17 14 17 29 30 18 4 10 29,30,18,4 slot_05_internal_carrier:5:4;slot_08_internal_carrier:5:4;slot_10_internal_carrier:5:4;slot_14_internal_carrier:5:4;slot_pair_05_10_boundary_carrier:10:1;slot_pair_05_14_boundary_carrier:10:1;slot_pair_08_14_boundary_carrie",false,false
labs/g900_observatory/artifacts/csv/g900_root_smoke_signature_census_001_rows.v1.csv,g900_root_smoke_signature_census_001_rows.v1.csv,859,csv_row,rail_internal_slot:05 rail_internal_slot:08 rail_internal_slot:10 rail_internal_slot:14 rail_slot_pair:04_05 rail_slot_pair:05_10 rail_slot_pair:05_14,hit_signature,12,handle:slot_internal_carriers handle:slot_pair_boundary_carriers matched_field:hit_signature row_kind:csv_row source_field_name:hit_signature source_field_name:max_edge_overlap source_field_name:max_vertex_overlap source_field_value:family_signature=slot_internal_carriers:5:4;slot_internal_carriers:5:4;slot_internal_carriers:5:4 source_field_value:hit_signature=slot_05_internal_carrier:5:4;slot_08_internal_carrier:5:4;slot_10_internal_carri source_field_value:max_edge_overlap=4 source_field_value:max_vertex_overlap=10 source_file:g900_root_smoke_signature_census_001_rows.v1.csv,"14:18 14 18 29 30 18 4 10 29,30,18,4 slot_05_internal_carrier:5:4;slot_08_internal_carrier:5:4;slot_10_internal_carrier:5:4;slot_14_internal_carrier:5:4;slot_pair_05_10_boundary_carrier:10:1;slot_pair_05_14_boundary_carrier:10:1;slot_pair_08_14_boundary_carrie",false,false
labs/g900_observatory/artifacts/csv/g900_root_smoke_signature_census_001_rows.v1.csv,g900_root_smoke_signature_census_001_rows.v1.csv,860,csv_row,rail_internal_slot:05 rail_internal_slot:08 rail_internal_slot:10 rail_internal_slot:14 rail_slot_pair:04_05 rail_slot_pair:05_10 rail_slot_pair:05_14,hit_signature,12,handle:slot_internal_carriers handle:slot_pair_boundary_carriers matched_field:hit_signature row_kind:csv_row source_field_name:hit_signature source_field_name:max_edge_overlap source_field_name:max_vertex_overlap source_field_value:family_signature=slot_internal_carriers:5:4;slot_internal_carriers:5:4;slot_internal_carriers:5:4 source_field_value:hit_signature=slot_05_internal_carrier:5:4;slot_08_internal_carrier:5:4;slot_10_internal_carri source_field_value:max_edge_overlap=4 source_field_value:max_vertex_overlap=10 source_file:g900_root_smoke_signature_census_001_rows.v1.csv,"14:19 14 19 29 30 18 4 10 29,30,18,4 slot_05_internal_carrier:5:4;slot_08_internal_carrier:5:4;slot_10_internal_carrier:5:4;slot_14_internal_carrier:5:4;slot_pair_05_10_boundary_carrier:10:1;slot_pair_05_14_boundary_carrier:10:1;slot_pair_08_14_boundary_carrie",false,false
labs/g900_observatory/artifacts/csv/g900_root_smoke_signature_census_001_rows.v1.csv,g900_root_smoke_signature_census_001_rows.v1.csv,861,csv_row,rail_internal_slot:05 rail_internal_slot:08 rail_internal_slot:10 rail_internal_slot:14 rail_slot_pair:04_05 rail_slot_pair:05_10 rail_slot_pair:05_14,hit_signature,12,handle:slot_internal_carriers handle:slot_pair_boundary_carriers matched_field:hit_signature row_kind:csv_row source_field_name:hit_signature source_field_name:max_edge_overlap source_field_name:max_vertex_overlap source_field_value:family_signature=slot_internal_carriers:5:4;slot_internal_carriers:5:4;slot_internal_carriers:5:4 source_field_value:hit_signature=slot_05_internal_carrier:5:4;slot_08_internal_carrier:5:4;slot_10_internal_carri source_field_value:max_edge_overlap=4 source_field_value:max_vertex_overlap=10 source_file:g900_root_smoke_signature_census_001_rows.v1.csv,"14:20 14 20 29 30 18 4 10 29,30,18,4 slot_05_internal_carrier:5:4;slot_08_internal_carrier:5:4;slot_10_internal_carrier:5:4;slot_14_internal_carrier:5:4;slot_pair_05_10_boundary_carrier:10:1;slot_pair_05_14_boundary_carrier:10:1;slot_pair_08_14_boundary_carrie",false,false
labs/g900_observatory/artifacts/csv/g900_root_smoke_signature_census_001_rows.v1.csv,g900_root_smoke_signature_census_001_rows.v1.csv,862,csv_row,rail_internal_slot:05 rail_internal_slot:08 rail_internal_slot:10 rail_internal_slot:14 rail_slot_pair:04_05 rail_slot_pair:05_10 rail_slot_pair:05_14,hit_signature,12,handle:slot_internal_carriers handle:slot_pair_boundary_carriers matched_field:hit_signature row_kind:csv_row source_field_name:hit_signature source_field_name:max_edge_overlap source_field_name:max_vertex_overlap source_field_value:family_signature=slot_internal_carriers:5:4;slot_internal_carriers:5:4;slot_internal_carriers:5:4 source_field_value:hit_signature=slot_05_internal_carrier:5:4;slot_08_internal_carrier:5:4;slot_10_internal_carri source_field_value:max_edge_overlap=4 source_field_value:max_vertex_overlap=10 source_file:g900_root_smoke_signature_census_001_rows.v1.csv,"14:21 14 21 29 30 18 4 10 29,30,18,4 slot_05_internal_carrier:5:4;slot_08_internal_carrier:5:4;slot_10_internal_carrier:5:4;slot_14_internal_carrier:5:4;slot_pair_05_10_boundary_carrier:10:1;slot_pair_05_14_boundary_carrier:10:1;slot_pair_08_14_boundary_carrie",false,false
labs/g900_observatory/artifacts/csv/g900_root_smoke_signature_census_001_rows.v1.csv,g900_root_smoke_signature_census_001_rows.v1.csv,863,csv_row,rail_internal_slot:05 rail_internal_slot:08 rail_internal_slot:10 rail_internal_slot:14 rail_slot_pair:04_05 rail_slot_pair:05_10 rail_slot_pair:05_14,hit_signature,12,handle:slot_internal_carriers handle:slot_pair_boundary_carriers matched_field:hit_signature row_kind:csv_row source_field_name:hit_signature source_field_name:max_edge_overlap source_field_name:max_vertex_overlap source_field_value:family_signature=slot_internal_carriers:5:4;slot_internal_carriers:5:4;slot_internal_carriers:5:4 source_field_value:hit_signature=slot_05_internal_carrier:5:4;slot_08_internal_carrier:5:4;slot_10_internal_carri source_field_value:max_edge_overlap=4 source_field_value:max_vertex_overlap=10 source_file:g900_root_smoke_signature_census_001_rows.v1.csv,"14:22 14 22 29 30 18 4 10 29,30,18,4 slot_05_internal_carrier:5:4;slot_08_internal_carrier:5:4;slot_10_internal_carrier:5:4;slot_14_internal_carrier:5:4;slot_pair_05_10_boundary_carrier:10:1;slot_pair_05_14_boundary_carrier:10:1;slot_pair_08_14_boundary_carrie",false,false
labs/g900_observatory/artifacts/csv/g900_root_smoke_signature_census_001_rows.v1.csv,g900_root_smoke_signature_census_001_rows.v1.csv,864,csv_row,rail_internal_slot:05 rail_internal_slot:08 rail_internal_slot:10 rail_internal_slot:14 rail_slot_pair:04_05 rail_slot_pair:05_10 rail_slot_pair:05_14,hit_signature,12,handle:slot_internal_carriers handle:slot_pair_boundary_carriers matched_field:hit_signature row_kind:csv_row source_field_name:hit_signature source_field_name:max_edge_overlap source_field_name:max_vertex_overlap source_field_value:family_signature=slot_internal_carriers:5:4;slot_internal_carriers:5:4;slot_internal_carriers:5:4 source_field_value:hit_signature=slot_05_internal_carrier:5:4;slot_08_internal_carrier:5:4;slot_10_internal_carri source_field_value:max_edge_overlap=4 source_field_value:max_vertex_overlap=10 source_file:g900_root_smoke_signature_census_001_rows.v1.csv,"14:23 14 23 29 30 18 4 10 29,30,18,4 slot_05_internal_carrier:5:4;slot_08_internal_carrier:5:4;slot_10_internal_carrier:5:4;slot_14_internal_carrier:5:4;slot_pair_05_10_boundary_carrier:10:1;slot_pair_05_14_boundary_carrier:10:1;slot_pair_08_14_boundary_carrie",false,false
labs/g900_observatory/artifacts/csv/g900_root_smoke_signature_census_001_rows.v1.csv,g900_root_smoke_signature_census_001_rows.v1.csv,865,csv_row,rail_internal_slot:05 rail_internal_slot:08 rail_internal_slot:10 rail_internal_slot:14 rail_slot_pair:04_05 rail_slot_pair:05_10 rail_slot_pair:05_14,hit_signature,12,handle:slot_internal_carriers handle:slot_pair_boundary_carriers matched_field:hit_signature row_kind:csv_row source_field_name:hit_signature source_field_name:max_edge_overlap source_field_name:max_vertex_overlap source_field_value:family_signature=slot_internal_carriers:5:4;slot_internal_carriers:5:4;slot_internal_carriers:5:4 source_field_value:hit_signature=slot_05_internal_carrier:5:4;slot_08_internal_carrier:5:4;slot_10_internal_carri source_field_value:max_edge_overlap=4 source_field_value:max_vertex_overlap=10 source_file:g900_root_smoke_signature_census_001_rows.v1.csv,"14:24 14 24 29 30 18 4 10 29,30,18,4 slot_05_internal_carrier:5:4;slot_08_internal_carrier:5:4;slot_10_internal_carrier:5:4;slot_14_internal_carrier:5:4;slot_pair_05_10_boundary_carrier:10:1;slot_pair_05_14_boundary_carrier:10:1;slot_pair_08_14_boundary_carrie",false,false
labs/g900_observatory/artifacts/csv/g900_root_smoke_signature_census_001_rows.v1.csv,g900_root_smoke_signature_census_001_rows.v1.csv,866,csv_row,rail_internal_slot:05 rail_internal_slot:08 rail_internal_slot:10 rail_internal_slot:14 rail_slot_pair:04_05 rail_slot_pair:05_10 rail_slot_pair:05_14,hit_signature,12,handle:slot_internal_carriers handle:slot_pair_boundary_carriers matched_field:hit_signature row_kind:csv_row source_field_name:hit_signature source_field_name:max_edge_overlap source_field_name:max_vertex_overlap source_field_value:family_signature=slot_internal_carriers:5:4;slot_internal_carriers:5:4;slot_internal_carriers:5:4 source_field_value:hit_signature=slot_05_internal_carrier:5:4;slot_08_internal_carrier:5:4;slot_10_internal_carri source_field_value:max_edge_overlap=4 source_field_value:max_vertex_overlap=10 source_file:g900_root_smoke_signature_census_001_rows.v1.csv,"14:25 14 25 29 30 18 4 10 29,30,18,4 slot_05_internal_carrier:5:4;slot_08_internal_carrier:5:4;slot_10_internal_carrier:5:4;slot_14_internal_carrier:5:4;slot_pair_05_10_boundary_carrier:10:1;slot_pair_05_14_boundary_carrier:10:1;slot_pair_08_14_boundary_carrie",false,false
labs/g900_observatory/artifacts/csv/g900_root_smoke_signature_census_001_rows.v1.csv,g900_root_smoke_signature_census_001_rows.v1.csv,867,csv_row,rail_internal_slot:05 rail_internal_slot:08 rail_internal_slot:10 rail_internal_slot:14 rail_slot_pair:04_05 rail_slot_pair:05_10 rail_slot_pair:05_14,hit_signature,12,handle:slot_internal_carriers handle:slot_pair_boundary_carriers matched_field:hit_signature row_kind:csv_row source_field_name:hit_signature source_field_name:max_edge_overlap source_field_name:max_vertex_overlap source_field_value:family_signature=slot_internal_carriers:5:4;slot_internal_carriers:5:4;slot_internal_carriers:5:4 source_field_value:hit_signature=slot_05_internal_carrier:5:4;slot_08_internal_carrier:5:4;slot_10_internal_carri source_field_value:max_edge_overlap=4 source_field_value:max_vertex_overlap=10 source_file:g900_root_smoke_signature_census_001_rows.v1.csv,"14:26 14 26 29 30 18 4 10 29,30,18,4 slot_05_internal_carrier:5:4;slot_08_internal_carrier:5:4;slot_10_internal_carrier:5:4;slot_14_internal_carrier:5:4;slot_pair_05_10_boundary_carrier:10:1;slot_pair_05_14_boundary_carrier:10:1;slot_pair_08_14_boundary_carrie",false,false
labs/g900_observatory/artifacts/csv/g900_root_smoke_signature_census_001_rows.v1.csv,g900_root_smoke_signature_census_001_rows.v1.csv,868,csv_row,rail_internal_slot:05 rail_internal_slot:08 rail_internal_slot:10 rail_internal_slot:14 rail_slot_pair:04_05 rail_slot_pair:05_10 rail_slot_pair:05_14,hit_signature,12,handle:slot_internal_carriers handle:slot_pair_boundary_carriers matched_field:hit_signature row_kind:csv_row source_field_name:hit_signature source_field_name:max_edge_overlap source_field_name:max_vertex_overlap source_field_value:family_signature=slot_internal_carriers:5:4;slot_internal_carriers:5:4;slot_internal_carriers:5:4 source_field_value:hit_signature=slot_05_internal_carrier:5:4;slot_08_internal_carrier:5:4;slot_10_internal_carri source_field_value:max_edge_overlap=4 source_field_value:max_vertex_overlap=10 source_file:g900_root_smoke_signature_census_001_rows.v1.csv,"14:27 14 27 29 30 18 4 10 29,30,18,4 slot_05_internal_carrier:5:4;slot_08_internal_carrier:5:4;slot_10_internal_carrier:5:4;slot_14_internal_carrier:5:4;slot_pair_05_10_boundary_carrier:10:1;slot_pair_05_14_boundary_carrier:10:1;slot_pair_08_14_boundary_carrie",false,false
labs/g900_observatory/artifacts/csv/g900_root_smoke_signature_census_001_rows.v1.csv,g900_root_smoke_signature_census_001_rows.v1.csv,869,csv_row,rail_internal_slot:05 rail_internal_slot:08 rail_internal_slot:10 rail_internal_slot:14 rail_slot_pair:04_05 rail_slot_pair:05_10 rail_slot_pair:05_14,hit_signature,12,handle:slot_internal_carriers handle:slot_pair_boundary_carriers matched_field:hit_signature row_kind:csv_row source_field_name:hit_signature source_field_name:max_edge_overlap source_field_name:max_vertex_overlap source_field_value:family_signature=slot_internal_carriers:5:4;slot_internal_carriers:5:4;slot_internal_carriers:5:4 source_field_value:hit_signature=slot_05_internal_carrier:5:4;slot_08_internal_carrier:5:4;slot_10_internal_carri source_field_value:max_edge_overlap=4 source_field_value:max_vertex_overlap=10 source_file:g900_root_smoke_signature_census_001_rows.v1.csv,"14:28 14 28 29 30 18 4 10 29,30,18,4 slot_05_internal_carrier:5:4;slot_08_internal_carrier:5:4;slot_10_internal_carrier:5:4;slot_14_internal_carrier:5:4;slot_pair_05_10_boundary_carrier:10:1;slot_pair_05_14_boundary_carrier:10:1;slot_pair_08_14_boundary_carrie",false,false
labs/g900_observatory/artifacts/csv/g900_root_smoke_signature_census_001_rows.v1.csv,g900_root_smoke_signature_census_001_rows.v1.csv,870,csv_row,rail_internal_slot:05 rail_internal_slot:08 rail_internal_slot:10 rail_internal_slot:14 rail_slot_pair:04_05 rail_slot_pair:05_10 rail_slot_pair:05_14,hit_signature,12,handle:slot_internal_carriers handle:slot_pair_boundary_carriers matched_field:hit_signature row_kind:csv_row source_field_name:hit_signature source_field_name:max_edge_overlap source_field_name:max_vertex_overlap source_field_value:family_signature=slot_internal_carriers:5:4;slot_internal_carriers:5:4;slot_internal_carriers:5:4 source_field_value:hit_signature=slot_05_internal_carrier:5:4;slot_08_internal_carrier:5:4;slot_10_internal_carri source_field_value:max_edge_overlap=4 source_field_value:max_vertex_overlap=10 source_file:g900_root_smoke_signature_census_001_rows.v1.csv,"14:29 14 29 29 30 18 4 10 29,30,18,4 slot_05_internal_carrier:5:4;slot_08_internal_carrier:5:4;slot_10_internal_carrier:5:4;slot_14_internal_carrier:5:4;slot_pair_05_10_boundary_carrier:10:1;slot_pair_05_14_boundary_carrier:10:1;slot_pair_08_14_boundary_carrie",false,false
labs/g900_observatory/artifacts/csv/g900_root_smoke_signature_census_001_rows.v1.csv,g900_root_smoke_signature_census_001_rows.v1.csv,871,csv_row,rail_internal_slot:05 rail_internal_slot:08 rail_internal_slot:10 rail_internal_slot:14 rail_slot_pair:04_05 rail_slot_pair:05_10 rail_slot_pair:05_14,hit_signature,12,handle:slot_internal_carriers handle:slot_pair_boundary_carriers matched_field:hit_signature row_kind:csv_row source_field_name:hit_signature source_field_name:max_edge_overlap source_field_name:max_vertex_overlap source_field_value:family_signature=slot_internal_carriers:5:4;slot_internal_carriers:5:4;slot_internal_carriers:5:4 source_field_value:hit_signature=slot_05_internal_carrier:5:4;slot_08_internal_carrier:5:4;slot_10_internal_carri source_field_value:max_edge_overlap=4 source_field_value:max_vertex_overlap=10 source_file:g900_root_smoke_signature_census_001_rows.v1.csv,"14:30 14 30 29 30 18 4 10 29,30,18,4 slot_05_internal_carrier:5:4;slot_08_internal_carrier:5:4;slot_10_internal_carrier:5:4;slot_14_internal_carrier:5:4;slot_pair_05_10_boundary_carrier:10:1;slot_pair_05_14_boundary_carrier:10:1;slot_pair_08_14_boundary_carrie",false,false
labs/g900_observatory/artifacts/csv/g900_root_smoke_signature_census_001_rows.v1.csv,g900_root_smoke_signature_census_001_rows.v1.csv,872,csv_row,rail_internal_slot:05 rail_internal_slot:08 rail_internal_slot:10 rail_internal_slot:14 rail_slot_pair:04_05 rail_slot_pair:05_10 rail_slot_pair:05_14,hit_signature,12,handle:slot_internal_carriers handle:slot_pair_boundary_carriers matched_field:hit_signature row_kind:csv_row source_field_name:hit_signature source_field_name:max_edge_overlap source_field_name:max_vertex_overlap source_field_value:family_signature=slot_internal_carriers:5:4;slot_internal_carriers:5:4;slot_internal_carriers:5:4 source_field_value:hit_signature=slot_05_internal_carrier:5:4;slot_08_internal_carrier:5:4;slot_10_internal_carri source_field_value:max_edge_overlap=4 source_field_value:max_vertex_overlap=10 source_file:g900_root_smoke_signature_census_001_rows.v1.csv,"14:31 14 31 29 30 18 4 10 29,30,18,4 slot_05_internal_carrier:5:4;slot_08_internal_carrier:5:4;slot_10_internal_carrier:5:4;slot_14_internal_carrier:5:4;slot_pair_05_10_boundary_carrier:10:1;slot_pair_05_14_boundary_carrier:10:1;slot_pair_08_14_boundary_carrie",false,false
labs/g900_observatory/artifacts/csv/g900_root_smoke_signature_census_001_rows.v1.csv,g900_root_smoke_signature_census_001_rows.v1.csv,873,csv_row,rail_internal_slot:05 rail_internal_slot:08 rail_internal_slot:10 rail_internal_slot:14 rail_slot_pair:04_05 rail_slot_pair:05_10 rail_slot_pair:05_14,hit_signature,12,handle:slot_internal_carriers handle:slot_pair_boundary_carriers matched_field:hit_signature row_kind:csv_row source_field_name:hit_signature source_field_name:max_edge_overlap source_field_name:max_vertex_overlap source_field_value:family_signature=slot_internal_carriers:5:4;slot_internal_carriers:5:4;slot_internal_carriers:5:4 source_field_value:hit_signature=slot_05_internal_carrier:5:4;slot_08_internal_carrier:5:4;slot_10_internal_carri source_field_value:max_edge_overlap=4 source_field_value:max_vertex_overlap=10 source_file:g900_root_smoke_signature_census_001_rows.v1.csv,"14:32 14 32 29 30 18 4 10 29,30,18,4 slot_05_internal_carrier:5:4;slot_08_internal_carrier:5:4;slot_10_internal_carrier:5:4;slot_14_internal_carrier:5:4;slot_pair_05_10_boundary_carrier:10:1;slot_pair_05_14_boundary_carrier:10:1;slot_pair_08_14_boundary_carrie",false,false
labs/g900_observatory/artifacts/csv/g900_root_smoke_signature_census_001_rows.v1.csv,g900_root_smoke_signature_census_001_rows.v1.csv,874,csv_row,rail_internal_slot:05 rail_internal_slot:08 rail_internal_slot:10 rail_internal_slot:14 rail_slot_pair:04_05 rail_slot_pair:05_10 rail_slot_pair:05_14,hit_signature,12,handle:slot_internal_carriers handle:slot_pair_boundary_carriers matched_field:hit_signature row_kind:csv_row source_field_name:hit_signature source_field_name:max_edge_overlap source_field_name:max_vertex_overlap source_field_value:family_signature=slot_internal_carriers:5:4;slot_internal_carriers:5:4;slot_internal_carriers:5:4 source_field_value:hit_signature=slot_05_internal_carrier:5:4;slot_08_internal_carrier:5:4;slot_10_internal_carri source_field_value:max_edge_overlap=4 source_field_value:max_vertex_overlap=10 source_file:g900_root_smoke_signature_census_001_rows.v1.csv,"14:33 14 33 29 30 18 4 10 29,30,18,4 slot_05_internal_carrier:5:4;slot_08_internal_carrier:5:4;slot_10_internal_carrier:5:4;slot_14_internal_carrier:5:4;slot_pair_05_10_boundary_carrier:10:1;slot_pair_05_14_boundary_carrier:10:1;slot_pair_08_14_boundary_carrie",false,false
labs/g900_observatory/artifacts/csv/g900_root_smoke_signature_census_001_rows.v1.csv,g900_root_smoke_signature_census_001_rows.v1.csv,875,csv_row,rail_internal_slot:05 rail_internal_slot:08 rail_internal_slot:10 rail_internal_slot:14 rail_slot_pair:04_05 rail_slot_pair:05_10 rail_slot_pair:05_14,hit_signature,12,handle:slot_internal_carriers handle:slot_pair_boundary_carriers matched_field:hit_signature row_kind:csv_row source_field_name:hit_signature source_field_name:max_edge_overlap source_field_name:max_vertex_overlap source_field_value:family_signature=slot_internal_carriers:5:4;slot_internal_carriers:5:4;slot_internal_carriers:5:4 source_field_value:hit_signature=slot_05_internal_carrier:5:4;slot_08_internal_carrier:5:4;slot_10_internal_carri source_field_value:max_edge_overlap=4 source_field_value:max_vertex_overlap=10 source_file:g900_root_smoke_signature_census_001_rows.v1.csv,"14:34 14 34 29 30 18 4 10 29,30,18,4 slot_05_internal_carrier:5:4;slot_08_internal_carrier:5:4;slot_10_internal_carrier:5:4;slot_14_internal_carrier:5:4;slot_pair_05_10_boundary_carrier:10:1;slot_pair_05_14_boundary_carrier:10:1;slot_pair_08_14_boundary_carrie",false,false
labs/g900_observatory/artifacts/csv/g900_root_smoke_signature_census_001_rows.v1.csv,g900_root_smoke_signature_census_001_rows.v1.csv,876,csv_row,rail_internal_slot:05 rail_internal_slot:08 rail_internal_slot:10 rail_internal_slot:14 rail_slot_pair:04_05 rail_slot_pair:05_10 rail_slot_pair:05_14,hit_signature,12,handle:slot_internal_carriers handle:slot_pair_boundary_carriers matched_field:hit_signature row_kind:csv_row source_field_name:hit_signature source_field_name:max_edge_overlap source_field_name:max_vertex_overlap source_field_value:family_signature=slot_internal_carriers:5:4;slot_internal_carriers:5:4;slot_internal_carriers:5:4 source_field_value:hit_signature=slot_05_internal_carrier:5:4;slot_08_internal_carrier:5:4;slot_10_internal_carri source_field_value:max_edge_overlap=4 source_field_value:max_vertex_overlap=10 source_file:g900_root_smoke_signature_census_001_rows.v1.csv,"14:35 14 35 29 30 18 4 10 29,30,18,4 slot_05_internal_carrier:5:4;slot_08_internal_carrier:5:4;slot_10_internal_carrier:5:4;slot_14_internal_carrier:5:4;slot_pair_05_10_boundary_carrier:10:1;slot_pair_05_14_boundary_carrier:10:1;slot_pair_08_14_boundary_carrie",false,false
labs/g900_observatory/artifacts/csv/g900_root_smoke_signature_census_001_rows.v1.csv,g900_root_smoke_signature_census_001_rows.v1.csv,877,csv_row,rail_internal_slot:05 rail_internal_slot:08 rail_internal_slot:10 rail_internal_slot:14 rail_slot_pair:04_05 rail_slot_pair:05_10 rail_slot_pair:05_14,hit_signature,12,handle:slot_internal_carriers handle:slot_pair_boundary_carriers matched_field:hit_signature row_kind:csv_row source_field_name:hit_signature source_field_name:max_edge_overlap source_field_name:max_vertex_overlap source_field_value:family_signature=slot_internal_carriers:5:4;slot_internal_carriers:5:4;slot_internal_carriers:5:4 source_field_value:hit_signature=slot_05_internal_carrier:5:4;slot_08_internal_carrier:5:4;slot_10_internal_carri source_field_value:max_edge_overlap=4 source_field_value:max_vertex_overlap=10 source_file:g900_root_smoke_signature_census_001_rows.v1.csv,"14:36 14 36 29 30 18 4 10 29,30,18,4 slot_05_internal_carrier:5:4;slot_08_internal_carrier:5:4;slot_10_internal_carrier:5:4;slot_14_internal_carrier:5:4;slot_pair_05_10_boundary_carrier:10:1;slot_pair_05_14_boundary_carrier:10:1;slot_pair_08_14_boundary_carrie",false,false
labs/g900_observatory/artifacts/csv/g900_root_smoke_signature_census_001_rows.v1.csv,g900_root_smoke_signature_census_001_rows.v1.csv,878,csv_row,rail_internal_slot:05 rail_internal_slot:08 rail_internal_slot:10 rail_internal_slot:14 rail_slot_pair:04_05 rail_slot_pair:05_10 rail_slot_pair:05_14,hit_signature,12,handle:slot_internal_carriers handle:slot_pair_boundary_carriers matched_field:hit_signature row_kind:csv_row source_field_name:hit_signature source_field_name:max_edge_overlap source_field_name:max_vertex_overlap source_field_value:family_signature=slot_internal_carriers:5:4;slot_internal_carriers:5:4;slot_internal_carriers:5:4 source_field_value:hit_signature=slot_05_internal_carrier:5:4;slot_08_internal_carrier:5:4;slot_10_internal_carri source_field_value:max_edge_overlap=4 source_field_value:max_vertex_overlap=10 source_file:g900_root_smoke_signature_census_001_rows.v1.csv,"14:37 14 37 29 30 18 4 10 29,30,18,4 slot_05_internal_carrier:5:4;slot_08_internal_carrier:5:4;slot_10_internal_carrier:5:4;slot_14_internal_carrier:5:4;slot_pair_05_10_boundary_carrier:10:1;slot_pair_05_14_boundary_carrier:10:1;slot_pair_08_14_boundary_carrie",false,false
labs/g900_observatory/artifacts/csv/g900_root_smoke_signature_census_001_rows.v1.csv,g900_root_smoke_signature_census_001_rows.v1.csv,879,csv_row,rail_internal_slot:05 rail_internal_slot:08 rail_internal_slot:10 rail_internal_slot:14 rail_slot_pair:04_05 rail_slot_pair:05_10 rail_slot_pair:05_14,hit_signature,12,handle:slot_internal_carriers handle:slot_pair_boundary_carriers matched_field:hit_signature row_kind:csv_row source_field_name:hit_signature source_field_name:max_edge_overlap source_field_name:max_vertex_overlap source_field_value:family_signature=slot_internal_carriers:5:4;slot_internal_carriers:5:4;slot_internal_carriers:5:4 source_field_value:hit_signature=slot_05_internal_carrier:5:4;slot_08_internal_carrier:5:4;slot_10_internal_carri source_field_value:max_edge_overlap=4 source_field_value:max_vertex_overlap=10 source_file:g900_root_smoke_signature_census_001_rows.v1.csv,"14:38 14 38 29 30 18 4 10 29,30,18,4 slot_05_internal_carrier:5:4;slot_08_internal_carrier:5:4;slot_10_internal_carrier:5:4;slot_14_internal_carrier:5:4;slot_pair_05_10_boundary_carrier:10:1;slot_pair_05_14_boundary_carrier:10:1;slot_pair_08_14_boundary_carrie",false,false
labs/g900_observatory/artifacts/csv/g900_root_smoke_signature_census_001_rows.v1.csv,g900_root_smoke_signature_census_001_rows.v1.csv,880,csv_row,rail_internal_slot:05 rail_internal_slot:08 rail_internal_slot:10 rail_internal_slot:14 rail_slot_pair:04_05 rail_slot_pair:05_10 rail_slot_pair:05_14,hit_signature,12,handle:slot_internal_carriers handle:slot_pair_boundary_carriers matched_field:hit_signature row_kind:csv_row source_field_name:hit_signature source_field_name:max_edge_overlap source_field_name:max_vertex_overlap source_field_value:family_signature=slot_internal_carriers:5:4;slot_internal_carriers:5:4;slot_internal_carriers:5:4 source_field_value:hit_signature=slot_05_internal_carrier:5:4;slot_08_internal_carrier:5:4;slot_10_internal_carri source_field_value:max_edge_overlap=4 source_field_value:max_vertex_overlap=10 source_file:g900_root_smoke_signature_census_001_rows.v1.csv,"14:39 14 39 29 30 18 4 10 29,30,18,4 slot_05_internal_carrier:5:4;slot_08_internal_carrier:5:4;slot_10_internal_carrier:5:4;slot_14_internal_carrier:5:4;slot_pair_05_10_boundary_carrier:10:1;slot_pair_05_14_boundary_carrier:10:1;slot_pair_08_14_boundary_carrie",false,false
labs/g900_observatory/artifacts/csv/g900_root_smoke_signature_census_001_rows.v1.csv,g900_root_smoke_signature_census_001_rows.v1.csv,881,csv_row,rail_internal_slot:05 rail_internal_slot:08 rail_internal_slot:10 rail_internal_slot:14 rail_slot_pair:04_05 rail_slot_pair:05_10 rail_slot_pair:05_14,hit_signature,12,handle:slot_internal_carriers handle:slot_pair_boundary_carriers matched_field:hit_signature row_kind:csv_row source_field_name:hit_signature source_field_name:max_edge_overlap source_field_name:max_vertex_overlap source_field_value:family_signature=slot_internal_carriers:5:4;slot_internal_carriers:5:4;slot_internal_carriers:5:4 source_field_value:hit_signature=slot_05_internal_carrier:5:4;slot_08_internal_carrier:5:4;slot_10_internal_carri source_field_value:max_edge_overlap=4 source_field_value:max_vertex_overlap=10 source_file:g900_root_smoke_signature_census_001_rows.v1.csv,"14:40 14 40 29 30 18 4 10 29,30,18,4 slot_05_internal_carrier:5:4;slot_08_internal_carrier:5:4;slot_10_internal_carrier:5:4;slot_14_internal_carrier:5:4;slot_pair_05_10_boundary_carrier:10:1;slot_pair_05_14_boundary_carrier:10:1;slot_pair_08_14_boundary_carrie",false,false
labs/g900_observatory/artifacts/csv/g900_root_smoke_signature_census_001_rows.v1.csv,g900_root_smoke_signature_census_001_rows.v1.csv,882,csv_row,rail_internal_slot:05 rail_internal_slot:08 rail_internal_slot:10 rail_internal_slot:14 rail_slot_pair:04_05 rail_slot_pair:05_10 rail_slot_pair:05_14,hit_signature,12,handle:slot_internal_carriers handle:slot_pair_boundary_carriers matched_field:hit_signature row_kind:csv_row source_field_name:hit_signature source_field_name:max_edge_overlap source_field_name:max_vertex_overlap source_field_value:family_signature=slot_internal_carriers:5:4;slot_internal_carriers:5:4;slot_internal_carriers:5:4 source_field_value:hit_signature=slot_05_internal_carrier:5:4;slot_08_internal_carrier:5:4;slot_10_internal_carri source_field_value:max_edge_overlap=4 source_field_value:max_vertex_overlap=10 source_file:g900_root_smoke_signature_census_001_rows.v1.csv,"14:41 14 41 29 30 18 4 10 29,30,18,4 slot_05_internal_carrier:5:4;slot_08_internal_carrier:5:4;slot_10_internal_carrier:5:4;slot_14_internal_carrier:5:4;slot_pair_05_10_boundary_carrier:10:1;slot_pair_05_14_boundary_carrier:10:1;slot_pair_08_14_boundary_carrie",false,false
labs/g900_observatory/artifacts/csv/g900_root_smoke_signature_census_001_rows.v1.csv,g900_root_smoke_signature_census_001_rows.v1.csv,883,csv_row,rail_internal_slot:05 rail_internal_slot:08 rail_internal_slot:10 rail_internal_slot:14 rail_slot_pair:04_05 rail_slot_pair:05_10 rail_slot_pair:05_14,hit_signature,12,handle:slot_internal_carriers handle:slot_pair_boundary_carriers matched_field:hit_signature row_kind:csv_row source_field_name:hit_signature source_field_name:max_edge_overlap source_field_name:max_vertex_overlap source_field_value:family_signature=slot_internal_carriers:5:4;slot_internal_carriers:5:4;slot_internal_carriers:5:4 source_field_value:hit_signature=slot_05_internal_carrier:5:4;slot_08_internal_carrier:5:4;slot_10_internal_carri source_field_value:max_edge_overlap=4 source_field_value:max_vertex_overlap=10 source_file:g900_root_smoke_signature_census_001_rows.v1.csv,"14:42 14 42 29 30 18 4 10 29,30,18,4 slot_05_internal_carrier:5:4;slot_08_internal_carrier:5:4;slot_10_internal_carrier:5:4;slot_14_internal_carrier:5:4;slot_pair_05_10_boundary_carrier:10:1;slot_pair_05_14_boundary_carrier:10:1;slot_pair_08_14_boundary_carrie",false,false
labs/g900_observatory/artifacts/csv/g900_root_smoke_signature_census_001_rows.v1.csv,g900_root_smoke_signature_census_001_rows.v1.csv,884,csv_row,rail_internal_slot:05 rail_internal_slot:08 rail_internal_slot:10 rail_internal_slot:14 rail_slot_pair:04_05 rail_slot_pair:05_10 rail_slot_pair:05_14,hit_signature,12,handle:slot_internal_carriers handle:slot_pair_boundary_carriers matched_field:hit_signature row_kind:csv_row source_field_name:hit_signature source_field_name:max_edge_overlap source_field_name:max_vertex_overlap source_field_value:family_signature=slot_internal_carriers:5:4;slot_internal_carriers:5:4;slot_internal_carriers:5:4 source_field_value:hit_signature=slot_05_internal_carrier:5:4;slot_08_internal_carrier:5:4;slot_10_internal_carri source_field_value:max_edge_overlap=4 source_field_value:max_vertex_overlap=10 source_file:g900_root_smoke_signature_census_001_rows.v1.csv,"14:43 14 43 29 30 18 4 10 29,30,18,4 slot_05_internal_carrier:5:4;slot_08_internal_carrier:5:4;slot_10_internal_carrier:5:4;slot_14_internal_carrier:5:4;slot_pair_05_10_boundary_carrier:10:1;slot_pair_05_14_boundary_carrier:10:1;slot_pair_08_14_boundary_carrie",false,false
labs/g900_observatory/artifacts/csv/g900_root_smoke_signature_census_001_rows.v1.csv,g900_root_smoke_signature_census_001_rows.v1.csv,885,csv_row,rail_internal_slot:05 rail_internal_slot:08 rail_internal_slot:10 rail_internal_slot:14 rail_slot_pair:04_05 rail_slot_pair:05_10 rail_slot_pair:05_14,hit_signature,12,handle:slot_internal_carriers handle:slot_pair_boundary_carriers matched_field:hit_signature row_kind:csv_row source_field_name:hit_signature source_field_name:max_edge_overlap source_field_name:max_vertex_overlap source_field_value:family_signature=slot_internal_carriers:5:4;slot_internal_carriers:5:4;slot_internal_carriers:5:4 source_field_value:hit_signature=slot_05_internal_carrier:5:4;slot_08_internal_carrier:5:4;slot_10_internal_carri source_field_value:max_edge_overlap=4 source_field_value:max_vertex_overlap=10 source_file:g900_root_smoke_signature_census_001_rows.v1.csv,"14:44 14 44 29 30 18 4 10 29,30,18,4 slot_05_internal_carrier:5:4;slot_08_internal_carrier:5:4;slot_10_internal_carrier:5:4;slot_14_internal_carrier:5:4;slot_pair_05_10_boundary_carrier:10:1;slot_pair_05_14_boundary_carrier:10:1;slot_pair_08_14_boundary_carrie",false,false
labs/g900_observatory/artifacts/csv/g900_root_smoke_signature_census_001_rows.v1.csv,g900_root_smoke_signature_census_001_rows.v1.csv,886,csv_row,rail_internal_slot:05 rail_internal_slot:08 rail_internal_slot:10 rail_internal_slot:14 rail_slot_pair:04_05 rail_slot_pair:05_10 rail_slot_pair:05_14,hit_signature,12,handle:slot_internal_carriers handle:slot_pair_boundary_carriers matched_field:hit_signature row_kind:csv_row source_field_name:hit_signature source_field_name:max_edge_overlap source_field_name:max_vertex_overlap source_field_value:family_signature=slot_internal_carriers:5:4;slot_internal_carriers:5:4;slot_internal_carriers:5:4 source_field_value:hit_signature=slot_05_internal_carrier:5:4;slot_08_internal_carrier:5:4;slot_10_internal_carri source_field_value:max_edge_overlap=4 source_field_value:max_vertex_overlap=10 source_file:g900_root_smoke_signature_census_001_rows.v1.csv,"14:45 14 45 29 30 18 4 10 29,30,18,4 slot_05_internal_carrier:5:4;slot_08_internal_carrier:5:4;slot_10_internal_carrier:5:4;slot_14_internal_carrier:5:4;slot_pair_05_10_boundary_carrier:10:1;slot_pair_05_14_boundary_carrier:10:1;slot_pair_08_14_boundary_carrie",false,false
labs/g900_observatory/artifacts/csv/g900_root_smoke_signature_census_001_rows.v1.csv,g900_root_smoke_signature_census_001_rows.v1.csv,887,csv_row,rail_internal_slot:05 rail_internal_slot:08 rail_internal_slot:10 rail_internal_slot:14 rail_slot_pair:04_05 rail_slot_pair:05_10 rail_slot_pair:05_14,hit_signature,12,handle:slot_internal_carriers handle:slot_pair_boundary_carriers matched_field:hit_signature row_kind:csv_row source_field_name:hit_signature source_field_name:max_edge_overlap source_field_name:max_vertex_overlap source_field_value:family_signature=slot_internal_carriers:5:4;slot_internal_carriers:5:4;slot_internal_carriers:5:4 source_field_value:hit_signature=slot_05_internal_carrier:5:4;slot_08_internal_carrier:5:4;slot_10_internal_carri source_field_value:max_edge_overlap=4 source_field_value:max_vertex_overlap=10 source_file:g900_root_smoke_signature_census_001_rows.v1.csv,"14:46 14 46 29 30 18 4 10 29,30,18,4 slot_05_internal_carrier:5:4;slot_08_internal_carrier:5:4;slot_10_internal_carrier:5:4;slot_14_internal_carrier:5:4;slot_pair_05_10_boundary_carrier:10:1;slot_pair_05_14_boundary_carrier:10:1;slot_pair_08_14_boundary_carrie",false,false
labs/g900_observatory/artifacts/csv/g900_root_smoke_signature_census_001_rows.v1.csv,g900_root_smoke_signature_census_001_rows.v1.csv,888,csv_row,rail_internal_slot:05 rail_internal_slot:08 rail_internal_slot:10 rail_internal_slot:14 rail_slot_pair:04_05 rail_slot_pair:05_10 rail_slot_pair:05_14,hit_signature,12,handle:slot_internal_carriers handle:slot_pair_boundary_carriers matched_field:hit_signature row_kind:csv_row source_field_name:hit_signature source_field_name:max_edge_overlap source_field_name:max_vertex_overlap source_field_value:family_signature=slot_internal_carriers:5:4;slot_internal_carriers:5:4;slot_internal_carriers:5:4 source_field_value:hit_signature=slot_05_internal_carrier:5:4;slot_08_internal_carrier:5:4;slot_10_internal_carri source_field_value:max_edge_overlap=4 source_field_value:max_vertex_overlap=10 source_file:g900_root_smoke_signature_census_001_rows.v1.csv,"14:47 14 47 29 30 18 4 10 29,30,18,4 slot_05_internal_carrier:5:4;slot_08_internal_carrier:5:4;slot_10_internal_carrier:5:4;slot_14_internal_carrier:5:4;slot_pair_05_10_boundary_carrier:10:1;slot_pair_05_14_boundary_carrier:10:1;slot_pair_08_14_boundary_carrie",false,false
labs/g900_observatory/artifacts/csv/g900_root_smoke_signature_census_001_rows.v1.csv,g900_root_smoke_signature_census_001_rows.v1.csv,889,csv_row,rail_internal_slot:05 rail_internal_slot:08 rail_internal_slot:10 rail_internal_slot:14 rail_slot_pair:04_05 rail_slot_pair:05_10 rail_slot_pair:05_14,hit_signature,12,handle:slot_internal_carriers handle:slot_pair_boundary_carriers matched_field:hit_signature row_kind:csv_row source_field_name:hit_signature source_field_name:max_edge_overlap source_field_name:max_vertex_overlap source_field_value:family_signature=slot_internal_carriers:5:4;slot_internal_carriers:5:4;slot_internal_carriers:5:4 source_field_value:hit_signature=slot_05_internal_carrier:5:4;slot_08_internal_carrier:5:4;slot_10_internal_carri source_field_value:max_edge_overlap=4 source_field_value:max_vertex_overlap=10 source_file:g900_root_smoke_signature_census_001_rows.v1.csv,"14:48 14 48 29 30 18 4 10 29,30,18,4 slot_05_internal_carrier:5:4;slot_08_internal_carrier:5:4;slot_10_internal_carrier:5:4;slot_14_internal_carrier:5:4;slot_pair_05_10_boundary_carrier:10:1;slot_pair_05_14_boundary_carrier:10:1;slot_pair_08_14_boundary_carrie",false,false
labs/g900_observatory/artifacts/csv/g900_root_smoke_signature_census_001_rows.v1.csv,g900_root_smoke_signature_census_001_rows.v1.csv,890,csv_row,rail_internal_slot:05 rail_internal_slot:08 rail_internal_slot:10 rail_internal_slot:14 rail_slot_pair:04_05 rail_slot_pair:05_10 rail_slot_pair:05_14,hit_signature,12,handle:slot_internal_carriers handle:slot_pair_boundary_carriers matched_field:hit_signature row_kind:csv_row source_field_name:hit_signature source_field_name:max_edge_overlap source_field_name:max_vertex_overlap source_field_value:family_signature=slot_internal_carriers:5:4;slot_internal_carriers:5:4;slot_internal_carriers:5:4 source_field_value:hit_signature=slot_05_internal_carrier:5:4;slot_08_internal_carrier:5:4;slot_10_internal_carri source_field_value:max_edge_overlap=4 source_field_value:max_vertex_overlap=10 source_file:g900_root_smoke_signature_census_001_rows.v1.csv,"14:49 14 49 29 30 18 4 10 29,30,18,4 slot_05_internal_carrier:5:4;slot_08_internal_carrier:5:4;slot_10_internal_carrier:5:4;slot_14_internal_carrier:5:4;slot_pair_05_10_boundary_carrier:10:1;slot_pair_05_14_boundary_carrier:10:1;slot_pair_08_14_boundary_carrie",false,false
labs/g900_observatory/artifacts/csv/g900_root_smoke_signature_census_001_rows.v1.csv,g900_root_smoke_signature_census_001_rows.v1.csv,891,csv_row,rail_internal_slot:05 rail_internal_slot:08 rail_internal_slot:10 rail_internal_slot:14 rail_slot_pair:04_05 rail_slot_pair:05_10 rail_slot_pair:05_14,hit_signature,12,handle:slot_internal_carriers handle:slot_pair_boundary_carriers matched_field:hit_signature row_kind:csv_row source_field_name:hit_signature source_field_name:max_edge_overlap source_field_name:max_vertex_overlap source_field_value:family_signature=slot_internal_carriers:5:4;slot_internal_carriers:5:4;slot_internal_carriers:5:4 source_field_value:hit_signature=slot_05_internal_carrier:5:4;slot_08_internal_carrier:5:4;slot_10_internal_carri source_field_value:max_edge_overlap=4 source_field_value:max_vertex_overlap=10 source_file:g900_root_smoke_signature_census_001_rows.v1.csv,"14:50 14 50 29 30 18 4 10 29,30,18,4 slot_05_internal_carrier:5:4;slot_08_internal_carrier:5:4;slot_10_internal_carrier:5:4;slot_14_internal_carrier:5:4;slot_pair_05_10_boundary_carrier:10:1;slot_pair_05_14_boundary_carrier:10:1;slot_pair_08_14_boundary_carrie",false,false
labs/g900_observatory/artifacts/csv/g900_root_smoke_signature_census_001_rows.v1.csv,g900_root_smoke_signature_census_001_rows.v1.csv,892,csv_row,rail_internal_slot:05 rail_internal_slot:08 rail_internal_slot:10 rail_internal_slot:14 rail_slot_pair:04_05 rail_slot_pair:05_10 rail_slot_pair:05_14,hit_signature,12,handle:slot_internal_carriers handle:slot_pair_boundary_carriers matched_field:hit_signature row_kind:csv_row source_field_name:hit_signature source_field_name:max_edge_overlap source_field_name:max_vertex_overlap source_field_value:family_signature=slot_internal_carriers:5:4;slot_internal_carriers:5:4;slot_internal_carriers:5:4 source_field_value:hit_signature=slot_05_internal_carrier:5:4;slot_08_internal_carrier:5:4;slot_10_internal_carri source_field_value:max_edge_overlap=4 source_field_value:max_vertex_overlap=10 source_file:g900_root_smoke_signature_census_001_rows.v1.csv,"14:51 14 51 29 30 18 4 10 29,30,18,4 slot_05_internal_carrier:5:4;slot_08_internal_carrier:5:4;slot_10_internal_carrier:5:4;slot_14_internal_carrier:5:4;slot_pair_05_10_boundary_carrier:10:1;slot_pair_05_14_boundary_carrier:10:1;slot_pair_08_14_boundary_carrie",false,false
labs/g900_observatory/artifacts/csv/g900_root_smoke_signature_census_001_rows.v1.csv,g900_root_smoke_signature_census_001_rows.v1.csv,893,csv_row,rail_internal_slot:05 rail_internal_slot:08 rail_internal_slot:10 rail_internal_slot:14 rail_slot_pair:04_05 rail_slot_pair:05_10 rail_slot_pair:05_14,hit_signature,12,handle:slot_internal_carriers handle:slot_pair_boundary_carriers matched_field:hit_signature row_kind:csv_row source_field_name:hit_signature source_field_name:max_edge_overlap source_field_name:max_vertex_overlap source_field_value:family_signature=slot_internal_carriers:5:4;slot_internal_carriers:5:4;slot_internal_carriers:5:4 source_field_value:hit_signature=slot_05_internal_carrier:5:4;slot_08_internal_carrier:5:4;slot_10_internal_carri source_field_value:max_edge_overlap=4 source_field_value:max_vertex_overlap=10 source_file:g900_root_smoke_signature_census_001_rows.v1.csv,"14:52 14 52 29 30 18 4 10 29,30,18,4 slot_05_internal_carrier:5:4;slot_08_internal_carrier:5:4;slot_10_internal_carrier:5:4;slot_14_internal_carrier:5:4;slot_pair_05_10_boundary_carrier:10:1;slot_pair_05_14_boundary_carrier:10:1;slot_pair_08_14_boundary_carrie",false,false
labs/g900_observatory/artifacts/csv/g900_root_smoke_signature_census_001_rows.v1.csv,g900_root_smoke_signature_census_001_rows.v1.csv,894,csv_row,rail_internal_slot:05 rail_internal_slot:08 rail_internal_slot:10 rail_internal_slot:14 rail_slot_pair:04_05 rail_slot_pair:05_10 rail_slot_pair:05_14,hit_signature,12,handle:slot_internal_carriers handle:slot_pair_boundary_carriers matched_field:hit_signature row_kind:csv_row source_field_name:hit_signature source_field_name:max_edge_overlap source_field_name:max_vertex_overlap source_field_value:family_signature=slot_internal_carriers:5:4;slot_internal_carriers:5:4;slot_internal_carriers:5:4 source_field_value:hit_signature=slot_05_internal_carrier:5:4;slot_08_internal_carrier:5:4;slot_10_internal_carri source_field_value:max_edge_overlap=4 source_field_value:max_vertex_overlap=10 source_file:g900_root_smoke_signature_census_001_rows.v1.csv,"14:53 14 53 29 30 18 4 10 29,30,18,4 slot_05_internal_carrier:5:4;slot_08_internal_carrier:5:4;slot_10_internal_carrier:5:4;slot_14_internal_carrier:5:4;slot_pair_05_10_boundary_carrier:10:1;slot_pair_05_14_boundary_carrier:10:1;slot_pair_08_14_boundary_carrie",false,false
labs/g900_observatory/artifacts/csv/g900_root_smoke_signature_census_001_rows.v1.csv,g900_root_smoke_signature_census_001_rows.v1.csv,895,csv_row,rail_internal_slot:05 rail_internal_slot:08 rail_internal_slot:10 rail_internal_slot:14 rail_slot_pair:04_05 rail_slot_pair:05_10 rail_slot_pair:05_14,hit_signature,12,handle:slot_internal_carriers handle:slot_pair_boundary_carriers matched_field:hit_signature row_kind:csv_row source_field_name:hit_signature source_field_name:max_edge_overlap source_field_name:max_vertex_overlap source_field_value:family_signature=slot_internal_carriers:5:4;slot_internal_carriers:5:4;slot_internal_carriers:5:4 source_field_value:hit_signature=slot_05_internal_carrier:5:4;slot_08_internal_carrier:5:4;slot_10_internal_carri source_field_value:max_edge_overlap=4 source_field_value:max_vertex_overlap=10 source_file:g900_root_smoke_signature_census_001_rows.v1.csv,"14:54 14 54 29 30 18 4 10 29,30,18,4 slot_05_internal_carrier:5:4;slot_08_internal_carrier:5:4;slot_10_internal_carrier:5:4;slot_14_internal_carrier:5:4;slot_pair_05_10_boundary_carrier:10:1;slot_pair_05_14_boundary_carrier:10:1;slot_pair_08_14_boundary_carrie",false,false
labs/g900_observatory/artifacts/csv/g900_root_smoke_signature_census_001_rows.v1.csv,g900_root_smoke_signature_census_001_rows.v1.csv,896,csv_row,rail_internal_slot:05 rail_internal_slot:08 rail_internal_slot:10 rail_internal_slot:14 rail_slot_pair:04_05 rail_slot_pair:05_10 rail_slot_pair:05_14,hit_signature,12,handle:slot_internal_carriers handle:slot_pair_boundary_carriers matched_field:hit_signature row_kind:csv_row source_field_name:hit_signature source_field_name:max_edge_overlap source_field_name:max_vertex_overlap source_field_value:family_signature=slot_internal_carriers:5:4;slot_internal_carriers:5:4;slot_internal_carriers:5:4 source_field_value:hit_signature=slot_05_internal_carrier:5:4;slot_08_internal_carrier:5:4;slot_10_internal_carri source_field_value:max_edge_overlap=4 source_field_value:max_vertex_overlap=10 source_file:g900_root_smoke_signature_census_001_rows.v1.csv,"14:55 14 55 29 30 18 4 10 29,30,18,4 slot_05_internal_carrier:5:4;slot_08_internal_carrier:5:4;slot_10_internal_carrier:5:4;slot_14_internal_carrier:5:4;slot_pair_05_10_boundary_carrier:10:1;slot_pair_05_14_boundary_carrier:10:1;slot_pair_08_14_boundary_carrie",false,false
labs/g900_observatory/artifacts/csv/g900_root_smoke_signature_census_001_rows.v1.csv,g900_root_smoke_signature_census_001_rows.v1.csv,897,csv_row,rail_internal_slot:05 rail_internal_slot:08 rail_internal_slot:10 rail_internal_slot:14 rail_slot_pair:04_05 rail_slot_pair:05_10 rail_slot_pair:05_14,hit_signature,12,handle:slot_internal_carriers handle:slot_pair_boundary_carriers matched_field:hit_signature row_kind:csv_row source_field_name:hit_signature source_field_name:max_edge_overlap source_field_name:max_vertex_overlap source_field_value:family_signature=slot_internal_carriers:5:4;slot_internal_carriers:5:4;slot_internal_carriers:5:4 source_field_value:hit_signature=slot_05_internal_carrier:5:4;slot_08_internal_carrier:5:4;slot_10_internal_carri source_field_value:max_edge_overlap=4 source_field_value:max_vertex_overlap=10 source_file:g900_root_smoke_signature_census_001_rows.v1.csv,"14:56 14 56 29 30 18 4 10 29,30,18,4 slot_05_internal_carrier:5:4;slot_08_internal_carrier:5:4;slot_10_internal_carrier:5:4;slot_14_internal_carrier:5:4;slot_pair_05_10_boundary_carrier:10:1;slot_pair_05_14_boundary_carrier:10:1;slot_pair_08_14_boundary_carrie",false,false
labs/g900_observatory/artifacts/csv/g900_root_smoke_signature_census_001_rows.v1.csv,g900_root_smoke_signature_census_001_rows.v1.csv,898,csv_row,rail_internal_slot:05 rail_internal_slot:08 rail_internal_slot:10 rail_internal_slot:14 rail_slot_pair:04_05 rail_slot_pair:05_10 rail_slot_pair:05_14,hit_signature,12,handle:slot_internal_carriers handle:slot_pair_boundary_carriers matched_field:hit_signature row_kind:csv_row source_field_name:hit_signature source_field_name:max_edge_overlap source_field_name:max_vertex_overlap source_field_value:family_signature=slot_internal_carriers:5:4;slot_internal_carriers:5:4;slot_internal_carriers:5:4 source_field_value:hit_signature=slot_05_internal_carrier:5:4;slot_08_internal_carrier:5:4;slot_10_internal_carri source_field_value:max_edge_overlap=4 source_field_value:max_vertex_overlap=10 source_file:g900_root_smoke_signature_census_001_rows.v1.csv,"14:57 14 57 29 30 18 4 10 29,30,18,4 slot_05_internal_carrier:5:4;slot_08_internal_carrier:5:4;slot_10_internal_carrier:5:4;slot_14_internal_carrier:5:4;slot_pair_05_10_boundary_carrier:10:1;slot_pair_05_14_boundary_carrier:10:1;slot_pair_08_14_boundary_carrie",false,false
labs/g900_observatory/artifacts/csv/g900_root_smoke_signature_census_001_rows.v1.csv,g900_root_smoke_signature_census_001_rows.v1.csv,899,csv_row,rail_internal_slot:05 rail_internal_slot:08 rail_internal_slot:10 rail_internal_slot:14 rail_slot_pair:04_05 rail_slot_pair:05_10 rail_slot_pair:05_14,hit_signature,12,handle:slot_internal_carriers handle:slot_pair_boundary_carriers matched_field:hit_signature row_kind:csv_row source_field_name:hit_signature source_field_name:max_edge_overlap source_field_name:max_vertex_overlap source_field_value:family_signature=slot_internal_carriers:5:4;slot_internal_carriers:5:4;slot_internal_carriers:5:4 source_field_value:hit_signature=slot_05_internal_carrier:5:4;slot_08_internal_carrier:5:4;slot_10_internal_carri source_field_value:max_edge_overlap=4 source_field_value:max_vertex_overlap=10 source_file:g900_root_smoke_signature_census_001_rows.v1.csv,"14:58 14 58 29 30 18 4 10 29,30,18,4 slot_05_internal_carrier:5:4;slot_08_internal_carrier:5:4;slot_10_internal_carrier:5:4;slot_14_internal_carrier:5:4;slot_pair_05_10_boundary_carrier:10:1;slot_pair_05_14_boundary_carrier:10:1;slot_pair_08_14_boundary_carrie",false,false
labs/g900_observatory/artifacts/csv/g900_root_smoke_signature_census_001_rows.v1.csv,g900_root_smoke_signature_census_001_rows.v1.csv,900,csv_row,rail_internal_slot:05 rail_internal_slot:08 rail_internal_slot:10 rail_internal_slot:14 rail_slot_pair:04_05 rail_slot_pair:05_10 rail_slot_pair:05_14,hit_signature,12,handle:slot_internal_carriers handle:slot_pair_boundary_carriers matched_field:hit_signature row_kind:csv_row source_field_name:hit_signature source_field_name:max_edge_overlap source_field_name:max_vertex_overlap source_field_value:family_signature=slot_internal_carriers:5:4;slot_internal_carriers:5:4;slot_internal_carriers:5:4 source_field_value:hit_signature=slot_05_internal_carrier:5:4;slot_08_internal_carrier:5:4;slot_10_internal_carri source_field_value:max_edge_overlap=4 source_field_value:max_vertex_overlap=10 source_file:g900_root_smoke_signature_census_001_rows.v1.csv,"14:59 14 59 29 30 18 4 10 29,30,18,4 slot_05_internal_carrier:5:4;slot_08_internal_carrier:5:4;slot_10_internal_carrier:5:4;slot_14_internal_carrier:5:4;slot_pair_05_10_boundary_carrier:10:1;slot_pair_05_14_boundary_carrier:10:1;slot_pair_08_14_boundary_carrie",false,false
